{"cameraMode":{"drawMode":0,"name":"Shaded","section":"Shading Mode"},"sceneLighting":false,"audioPlay":false,"sceneViewState":{"showFog":true,"showMaterialUpdate":false,"showSkybox":false,"showFlares":true,"showImageEffects":true,"showParticleSystems":true},"in2DMode":false,"pivot":{"x":22.990875244140626,"y":0.9773097038269043,"z":-4.76837158203125e-7},"rotation":{"x":-0.029459627345204355,"y":-0.5741332173347473,"z":0.020677795633673669,"w":-0.8179704546928406},"size":6.241598129272461,"orthographic":true}